{"inputUnits":[18],"outputUnits":4,"inputs":{"0":{"dtype":"number","min":0.27572986483573914,"max":0.40509048104286194},"1":{"dtype":"number","min":0.5804750919342041,"max":0.6863709092140198},"2":{"dtype":"number","min":-0.13166192173957825,"max":-0.013603768311440945},"3":{"dtype":"number","min":-0.058950815349817276,"max":-0.003935694694519043},"4":{"dtype":"number","min":0.6805803775787354,"max":0.7736928462982178},"5":{"dtype":"number","min":0.01505046896636486,"max":0.13250668346881866},"6":{"dtype":"number","min":0.43923091888427734,"max":0.5514153242111206},"7":{"dtype":"number","min":0.6460636854171753,"max":0.8826417326927185},"8":{"dtype":"number","min":-0.04778929799795151,"max":0.1506485641002655},"9":{"dtype":"number","min":-0.09227616339921951,"max":0.047077544033527374},"10":{"dtype":"number","min":0.8620324730873108,"max":0.9355056285858154},"11":{"dtype":"number","min":0.17891114950180054,"max":0.557059109210968},"12":{"dtype":"number","min":0.3906950354576111,"max":0.4586452841758728},"13":{"dtype":"number","min":0.9470456838607788,"max":1.1031441688537598},"14":{"dtype":"number","min":0.8583642840385437,"max":1.1112217903137207},"15":{"dtype":"number","min":0.1400507539510727,"max":0.29058802127838135},"16":{"dtype":"number","min":0.9781988263130188,"max":1.1306942701339722},"17":{"dtype":"number","min":0.8358564972877502,"max":1.2405908107757568}},"outputs":{"label":{"dtype":"string","min":0,"max":1,"uniqueValues":["up","left","right","down"],"legend":{"up":[1,0,0,0],"left":[0,1,0,0],"right":[0,0,1,0],"down":[0,0,0,1]}}},"isNormalized":true}